MDVP:Fo(Hz),MDVP:Fhi(Hz),MDVP:Flo(Hz),MDVP:Jitter(%),MDVP:Jitter(Abs),MDVP:RAP,MDVP:PPQ,Jitter:DDP,MDVP:Shimmer,MDVP:Shimmer(dB),Shimmer:APQ3,Shimmer:APQ5,MDVP:APQ,Shimmer:DDA,NHR,HNR,RPDE,DFA,spread1,spread2,D2,PPE
151.48427625039773,207.55637642549385,111.15923963231414,0.0071080230886381,3.9952033997887296e-05,0.0029681499892011,0.0033532578634616,0.0100780000723112,0.0284636733168477,0.264818155371156,0.0152104185098962,0.0165255024487892,0.0238954641241407,0.044897664607118,0.0254580230565677,22.0811149264401,0.4994754276413146,0.7135873081906371,-5.799029010099456,0.2179844265235108,2.3584556457038994,0.1812800709189122
