MDVP:Fo(Hz),MDVP:Fhi(Hz),MDVP:Flo(Hz),MDVP:Jitter(%),MDVP:Jitter(Abs),MDVP:RAP,MDVP:PPQ,Jitter:DDP,MDVP:Shimmer,MDVP:Shimmer(dB),Shimmer:APQ3,Shimmer:APQ5,MDVP:APQ,Shimmer:DDA,NHR,HNR,RPDE,DFA,spread1,spread2,D2,PPE
158.80670686840418,197.9142470874628,111.48849179729712,0.0061867636149172,4.4503290454923294e-05,0.0033884520275869,0.0035603223936535,0.009609862201326,0.0270929169194809,0.2792466026653912,0.0171987532284406,0.018942815417174,0.0261633940413534,0.0457956344964456,0.0170353721706955,20.988381209728104,0.5077213454003708,0.7128127989106312,-5.762922101373352,0.222611009890649,2.3959963642873285,0.1958263037464698
