MDVP:Fo(Hz),MDVP:Fhi(Hz),MDVP:Flo(Hz),MDVP:Jitter(%),MDVP:Jitter(Abs),MDVP:RAP,MDVP:PPQ,Jitter:DDP,MDVP:Shimmer,MDVP:Shimmer(dB),Shimmer:APQ3,Shimmer:APQ5,MDVP:APQ,Shimmer:DDA,NHR,HNR,RPDE,DFA,spread1,spread2,D2,PPE
158.72805199136877,197.6087641485601,117.70593103625195,0.0065173398041937,3.994087545136834e-05,0.0029433487018994,0.0032946990643699,0.0089089345814255,0.0283613127379539,0.3117592753901632,0.0179419875889527,0.0189190442286948,0.0248274800844473,0.0503753486657957,0.031521217801994,22.66605001112688,0.4994434219474066,0.7201018389740714,-5.7549028363361,0.2266213508081002,2.299229979259386,0.2043961959938922
