MDVP:Fo(Hz),MDVP:Fhi(Hz),MDVP:Flo(Hz),MDVP:Jitter(%),MDVP:Jitter(Abs),MDVP:RAP,MDVP:PPQ,Jitter:DDP,MDVP:Shimmer,MDVP:Shimmer(dB),Shimmer:APQ3,Shimmer:APQ5,MDVP:APQ,Shimmer:DDA,NHR,HNR,RPDE,DFA,spread1,spread2,D2,PPE
156.44271706096933,205.14520990156572,114.86091609588792,0.00600123592931,4.331741833822723e-05,0.0032836470988347,0.0035865168004407,0.0085335421128316,0.0271109732107879,0.2430430415582268,0.0156189863762659,0.0184553326820134,0.0255421508377634,0.0499545739971034,0.0293821116474492,21.78607075961928,0.4932784770315229,0.720154950791756,-5.64359043474674,0.2311112405221601,2.3948100540339943,0.1954196583341003
